{"cameraMode":{"drawMode":0,"name":"Shaded","section":"Shading Mode"},"sceneLighting":false,"audioPlay":false,"sceneViewState":{"showFog":true,"showMaterialUpdate":false,"showSkybox":false,"showFlares":true,"showImageEffects":true,"showParticleSystems":true},"in2DMode":false,"pivot":{"x":-0.6040375232696533,"y":0.31986844539642336,"z":-0.30756664276123049},"rotation":{"x":0.14297696948051454,"y":-0.6818516254425049,"z":0.13850149512290955,"w":0.703884482383728},"size":5.917072296142578,"orthographic":false}