{"cameraMode":{"drawMode":0,"name":"Shaded","section":"Shading Mode"},"sceneLighting":true,"audioPlay":false,"sceneViewState":{"showFog":true,"showMaterialUpdate":false,"showSkybox":true,"showFlares":true,"showImageEffects":true,"showParticleSystems":true},"in2DMode":false,"pivot":{"x":267.260009765625,"y":442.9404296875,"z":-277.0538635253906},"rotation":{"x":-0.002825899515300989,"y":0.9322284460067749,"z":-0.0072805508971214298,"w":-0.36179038882255556},"size":745.656494140625,"orthographic":false}