{"cameraMode":{"drawMode":0,"name":"Shaded","section":"Shading Mode"},"sceneLighting":false,"audioPlay":false,"sceneViewState":{"showFog":true,"showMaterialUpdate":false,"showSkybox":false,"showFlares":true,"showImageEffects":true,"showParticleSystems":true},"in2DMode":false,"pivot":{"x":-1.1277109384536744,"y":0.3941929340362549,"z":6.97606897354126},"rotation":{"x":0.1080896258354187,"y":-0.0134262815117836,"z":0.001459714607335627,"w":0.9940494298934937},"size":15.820300102233887,"orthographic":false}