{"cameraMode":{"drawMode":0,"name":"Shaded","section":"Shading Mode"},"sceneLighting":false,"audioPlay":false,"sceneViewState":{"showFog":true,"showMaterialUpdate":false,"showSkybox":false,"showFlares":true,"showImageEffects":true,"showParticleSystems":true},"in2DMode":false,"pivot":{"x":2.301344633102417,"y":-1.0857772827148438,"z":3.154430866241455},"rotation":{"x":0.24453990161418916,"y":-0.12899351119995118,"z":0.03284260630607605,"w":0.9604594111442566},"size":11.550000190734864,"orthographic":false}